,cond,name,thresh
0,high,Lorenz,0.069
1,high,Patrick,0.078
2,high,Sofie,0.11900000000000001
3,high,VP1,0.11900000000000001
4,high,VP2,0.099
5,high,VP5,0.073
6,high,VP6,0.11900000000000001
7,high,VP7,0.049
8,high,eva,0.044
9,high,vp4,0.074
10,low,Lorenz,0.057
11,low,Patrick,0.088
12,low,Sofie,0.11900000000000001
13,low,VP1,0.11900000000000001
14,low,VP2,0.0
15,low,VP5,0.051000000000000004
16,low,VP6,0.11900000000000001
17,low,VP7,0.033
18,low,eva,0.034
19,low,vp4,0.059000000000000004
