,cond,name,thresh
0,high,Lorenz,0.069
1,high,Patrick,0.078
2,high,Sofie,0.11900000000000001
3,high,VP1,0.11900000000000001
4,high,VP2,0.099
5,high,VP5,0.073
6,high,VP6,0.11900000000000001
7,high,eva,0.044
8,high,vp4,0.074
9,low,Lorenz,0.057
10,low,Patrick,0.088
11,low,Sofie,0.11900000000000001
12,low,VP1,0.11900000000000001
13,low,VP2,0.0
14,low,VP5,0.051000000000000004
15,low,VP6,0.11900000000000001
16,low,eva,0.034
17,low,vp4,0.059000000000000004
