,index,name,mean,sem
0,5,VP7,-1.495324595309876,0.2885738183506534
1,7,vp4,-1.3366548805934666,0.4560104335473882
2,3,VP2,-1.0946875887805663,0.3008469004601884
3,2,Sofie,-0.8352963954803555,0.4737505952755124
4,4,VP5,-0.6840433646881693,0.21464208415765074
5,1,Patrick,-0.5048821540684734,0.2336731962075582
6,6,eva,-0.3722481839080898,0.14732572500934837
7,0,Lorenz,-0.29818141820012994,0.27643594821752787
8,8,vp6,0.7195831639197426,0.3517587818592413
